id,title,handle,status,product_type,group,collections,price_eur,max_price_eur,total_inventory,tracks_inventory,inventory_policy,variants,unbuyable_dead_end,has_dimensions,dimensions_value,has_what_fits,has_lead_time,has_materials_craft,has_siblings,has_seo_title,has_seo_description,has_description,description_chars,description_under_200,has_image,image_count,online_store_url
16098187870533,Cotton Cap - Black,cotton-cap-black-tonal-logo,ACTIVE,Cap,Apparel,Products; Small Leather Goods; Ready to Wear,125.00,125.00,0,false,DENY,1,false,false,,false,false,true,true,true,true,true,483,false,true,3,https://www.oberndoerferco.com/en-de/products/cotton-cap-black-tonal-logo
16098187804997,"Cotton Cap - Black, Pink Logo",cotton-cap-black-pink-logo,ACTIVE,Cap,Apparel,Products; Small Leather Goods; Ready to Wear,125.00,125.00,0,false,DENY,1,false,false,,false,false,true,true,true,true,true,483,false,true,3,https://www.oberndoerferco.com/en-de/products/cotton-cap-black-pink-logo
16098171945285,Cotton Cap - Blue,washed-cotton-cap-blue,ACTIVE,Cap,Apparel,Products; Small Leather Goods; Ready to Wear,125.00,125.00,2,true,DENY,1,false,false,,false,false,true,true,true,true,true,370,false,true,3,https://www.oberndoerferco.com/en-de/products/washed-cotton-cap-blue
16098188198213,"Cotton Cap - Leopard, Black Logo",cotton-cap-leopard-black-logo,ACTIVE,Cap,Apparel,Products; Small Leather Goods; Ready to Wear,125.00,125.00,2,true,DENY,1,false,false,,false,false,true,true,true,true,true,557,false,true,3,https://www.oberndoerferco.com/en-de/products/cotton-cap-leopard-black-logo
16098188132677,"Cotton Cap - Leopard, Pink Logo",cotton-cap-leopard-pink-logo,ACTIVE,Cap,Apparel,Products; Small Leather Goods; Ready to Wear,125.00,125.00,0,false,DENY,1,false,false,,false,false,true,true,true,true,true,492,false,true,3,https://www.oberndoerferco.com/en-de/products/cotton-cap-leopard-pink-logo
16144764141893,Embroidered T-Shirt,embroidered-t-shirt,ACTIVE,T-Shirt,Apparel,Products; Ready to Wear,110.00,110.00,0,true,CONTINUE,10,false,false,,false,false,true,false,true,true,true,481,false,true,4,https://www.oberndoerferco.com/en-de/products/embroidered-t-shirt
16148913226053,T-Shirt OBERNDÖRFER MILANO,chrome-t-shirt,ACTIVE,T-Shirt,Apparel,Products; Ready to Wear,130.00,130.00,0,true,CONTINUE,10,false,false,,false,false,true,false,true,false,true,459,false,true,4,https://www.oberndoerferco.com/en-de/products/chrome-t-shirt
16148913160517,T-Shirt OM,initials-t-shirt,ACTIVE,T-Shirt,Apparel,Products; Ready to Wear,130.00,130.00,0,true,CONTINUE,10,false,false,,false,false,true,false,true,true,true,530,false,true,4,https://www.oberndoerferco.com/en-de/products/initials-t-shirt
16148913258821,T-Shirt Star patch,constellation-t-shirt,ACTIVE,T-Shirt,Apparel,Products; Ready to Wear,130.00,130.00,0,true,CONTINUE,10,false,false,,false,false,true,false,true,true,true,457,false,true,4,https://www.oberndoerferco.com/en-de/products/constellation-t-shirt
16148913717573,T-Shirt with Logo,lattice-t-shirt,ACTIVE,T-Shirt,Apparel,Products; Ready to Wear,130.00,130.00,0,true,CONTINUE,10,false,false,,false,false,true,false,true,true,true,464,false,true,4,https://www.oberndoerferco.com/en-de/products/lattice-t-shirt
15610055131461,Beauty Bag,box-claf-beauty-bag,ACTIVE,Travel Bag,Bags & travel,Featured products; Products; Travel; Small Leather Goods; New In,320.00,320.00,2,true,DENY,1,false,false,,false,false,false,false,true,true,true,288,false,true,7,https://www.oberndoerferco.com/en-de/products/box-claf-beauty-bag
15728945889605,Briefcase - Black,black-leather-laptop-bags,ACTIVE,Briefcase,Bags & travel,Products; Travel; Bags; New In,1850.00,1850.00,1,true,DENY,1,false,false,,false,false,true,true,true,true,true,474,false,true,10,https://www.oberndoerferco.com/en-de/products/black-leather-laptop-bags
15728947167557,Briefcase - Blue,blue-leather-laptop-bags,ACTIVE,Briefcase,Bags & travel,Products; Travel; Bags; New In,1850.00,1850.00,1,true,DENY,1,false,false,,false,false,true,true,true,true,true,473,false,true,7,https://www.oberndoerferco.com/en-de/products/blue-leather-laptop-bags
15728947888453,Briefcase - Brown,brown-leather-laptop-bags,ACTIVE,Briefcase,Bags & travel,Products; Travel; Bags; New In,1850.00,1850.00,1,true,DENY,1,false,false,,false,false,true,true,true,true,true,474,false,true,7,https://www.oberndoerferco.com/en-de/products/brown-leather-laptop-bags
15071108301125,Briefcase x Trax NYC,traxnyc-x-oberndorfer-trunk-black,ACTIVE,Briefcase,Bags & travel,Trunks; Products; Travel; Bags; New In; Oberndörfer x Trax NYC,5125.00,5125.00,1,true,DENY,1,false,false,,false,false,true,false,true,true,true,497,false,true,8,https://www.oberndoerferco.com/en-de/products/traxnyc-x-oberndorfer-trunk-black
14843352482117,Leather Belt Bag,leather-belt-bag,ACTIVE,Travel Bag,Bags & travel,Featured products; Products; Travel; Bags,890.00,890.00,0,true,CONTINUE,1,false,false,,false,false,false,false,true,true,true,404,false,true,13,https://www.oberndoerferco.com/en-de/products/leather-belt-bag
15654272631109,SAC - Black,crossbody-leather-bag-black-sac,ACTIVE,Backpack,Bags & travel,Products; Travel; Bags; New In; Signature Pieces,2120.00,2120.00,1,true,DENY,1,false,true,L 28 cm × W 19 cm × H 9 cm (11 × 7.5 × 3.5 in),false,false,true,true,true,true,true,493,false,true,6,https://www.oberndoerferco.com/en-de/products/crossbody-leather-bag-black-sac
15654273384773,SAC - Blue,crossbody-leather-bag-blue-sac,ACTIVE,Backpack,Bags & travel,Products; Travel; Bags; New In,2120.00,2120.00,1,true,DENY,1,false,true,L 28 cm × W 19 cm × H 9 cm (11 × 7.5 × 3.5 in),false,false,true,true,true,true,true,492,false,true,5,https://www.oberndoerferco.com/en-de/products/crossbody-leather-bag-blue-sac
15653762400581,SAC - Brown,sac-italian-brown-leather-backpack,ACTIVE,Backpack,Bags & travel,Products; Travel; Bags; New In,2120.00,2120.00,1,true,DENY,1,false,true,L 28 cm × W 19 cm × H 9 cm (11 × 7.5 × 3.5 in),false,false,true,true,true,true,true,493,false,true,8,https://www.oberndoerferco.com/en-de/products/sac-italian-brown-leather-backpack
15654273548613,SAC - Grey,crossbody-leather-bag-grey-sac,ACTIVE,Backpack,Bags & travel,Products; Travel; Bags; New In,2120.00,2120.00,1,true,DENY,1,false,true,L 28 cm × W 19 cm × H 9 cm (11 × 7.5 × 3.5 in),false,false,true,true,true,true,true,492,false,true,6,https://www.oberndoerferco.com/en-de/products/crossbody-leather-bag-grey-sac
15892540817733,SAC Alligator - Black,sac-black-crocodile-leather-bag-italy,ACTIVE,Backpack,Bags & travel,Products; Travel; Bags; New In,13170.00,13170.00,1,true,DENY,1,false,false,,false,false,true,true,true,true,true,970,false,true,3,https://www.oberndoerferco.com/en-de/products/sac-black-crocodile-leather-bag-italy
15892578697541,SAC Alligator - Blue,sac-blue-crocodile-leather-bag-italy,ACTIVE,Backpack,Bags & travel,Products; Travel; Bags; New In,13170.00,13170.00,1,true,DENY,1,false,false,,false,false,true,true,true,true,true,969,false,true,3,https://www.oberndoerferco.com/en-de/products/sac-blue-crocodile-leather-bag-italy
15893320171845,SAC Alligator - Brown,sac-brown-crocodile-leather-bag-italy,ACTIVE,Backpack,Bags & travel,Products; Travel; Bags; New In,13170.00,13170.00,1,true,DENY,1,false,false,,false,false,true,true,true,true,true,970,false,true,3,https://www.oberndoerferco.com/en-de/products/sac-brown-crocodile-leather-bag-italy
15892592853317,SAC Alligator - Green,sac-green-crocodile-leather-bag-italy,ACTIVE,Backpack,Bags & travel,Products; Travel; Bags; New In,13170.00,13170.00,1,true,DENY,1,false,false,,false,false,true,true,true,true,true,970,false,true,3,https://www.oberndoerferco.com/en-de/products/sac-green-crocodile-leather-bag-italy
15889542840645,SAC Alligator - Yellow,sac-yellow-crocodile-leather-bag-italy,ACTIVE,Backpack,Bags & travel,Products; Travel; Bags; New In,13170.00,13170.00,1,true,DENY,1,false,false,,false,false,true,true,true,true,true,971,false,true,3,https://www.oberndoerferco.com/en-de/products/sac-yellow-crocodile-leather-bag-italy
15893330395461,SAC Himalaya Alligator,sac-himalaya-crocodile-leather-bag-italy,ACTIVE,Backpack,Bags & travel,Products; Travel; Bags; New In,17190.00,17190.00,1,true,DENY,1,false,false,,false,false,true,true,true,true,true,941,false,true,3,https://www.oberndoerferco.com/en-de/products/sac-himalaya-crocodile-leather-bag-italy
14845875290437,Weekend Bag,leather-duffle-bag,ACTIVE,Travel Bag,Bags & travel,Featured products; Products; Travel,1950.00,1950.00,0,true,CONTINUE,1,false,false,,false,false,true,false,true,true,true,459,false,true,8,https://www.oberndoerferco.com/en-de/products/leather-duffle-bag
16051035177285,Black Leather Pouf,black-leather-pouf,ACTIVE,Furniture,Furniture,Home Accessories,595.00,595.00,1,true,DENY,1,false,false,,false,false,false,true,true,true,true,364,false,true,3,https://www.oberndoerferco.com/en-de/products/black-leather-pouf
16049653154117,Blue Leather Pouf,blue-leather-pouf,ACTIVE,Furniture,Furniture,Home Accessories,595.00,595.00,1,true,DENY,1,false,false,,false,false,false,true,true,true,true,363,false,true,3,https://www.oberndoerferco.com/en-de/products/blue-leather-pouf
16051047760197,Brown Leather Pouf,brown-leather-pouf,ACTIVE,Furniture,Furniture,Home Accessories,595.00,595.00,1,true,DENY,1,false,false,,false,false,false,true,true,true,true,364,false,true,3,https://www.oberndoerferco.com/en-de/products/brown-leather-pouf
16061208428869,Leather Sofa - Black,italian-leather-sofa-calf-leather-black,ACTIVE,sofa,Furniture,Home Accessories,27000.00,27000.00,1,true,CONTINUE,1,false,true,L 302 cm × W 108 cm × H 56 cm (118.9 × 42.5 × 22 in),false,false,true,true,true,true,true,594,false,true,4,https://www.oberndoerferco.com/en-de/products/italian-leather-sofa-calf-leather-black
16059323220293,Leather Sofa - Orange,italian-leather-sofa-calf-leather-orange,ACTIVE,sofa,Furniture,Home Accessories,27000.00,27000.00,1,true,CONTINUE,1,false,true,L 302 cm × W 108 cm × H 56 cm (118.9 × 42.5 × 22 in),false,false,true,true,true,true,true,595,false,true,4,https://www.oberndoerferco.com/en-de/products/italian-leather-sofa-calf-leather-orange
16059077165381,Orange Leather Pouf,orange-leather-pouf,ACTIVE,Furniture,Furniture,Home Accessories,595.00,595.00,1,true,DENY,1,false,false,,false,false,false,true,true,true,true,365,false,true,3,https://www.oberndoerferco.com/en-de/products/orange-leather-pouf
15405638123845,Table Trunk,orange-tabel-trunk,ACTIVE,Furniture,Furniture,Home Accessories; Products,34250.00,34250.00,1,true,DENY,1,false,true,L 120 cm × W 60 cm × H 40 cm (47.2 × 23.6 × 15.7 in),false,false,true,false,true,true,true,663,false,true,5,https://www.oberndoerferco.com/en-de/products/orange-tabel-trunk
16048935403845,Table Trunk - Black,tabel-trunk-black,ACTIVE,Furniture,Furniture,Home Accessories; Products,34250.00,34250.00,1,true,DENY,1,false,true,L 120 cm × W 60 cm × H 40 cm (47.2 × 23.6 × 15.7 in),false,false,true,false,true,true,true,663,false,true,3,https://www.oberndoerferco.com/en-de/products/tabel-trunk-black
15752155234629,BAG MODEL 017 - Black,black-bag-model-017-italian-leather-tote-bag,ACTIVE,Handbag,Handbags,Featured products; Products; Travel; Bags; New In,825.00,825.00,1,true,DENY,1,false,true,L 39 cm × W 14.5 cm × H 32 cm (15.4 × 5.7 × 12.6 in),false,false,false,true,true,true,true,488,false,true,5,https://www.oberndoerferco.com/en-de/products/black-bag-model-017-italian-leather-tote-bag
15846306709829,BAG MODEL 017 - Brown,brown-bag-model-017-italian-leather-tote-bag,ACTIVE,Handbag,Handbags,Featured products; Products; Travel; Bags; New In; Signature Pieces,825.00,825.00,1,true,DENY,1,false,true,L 39 cm × W 14.5 cm × H 32 cm (15.4 × 5.7 × 12.6 in),false,false,false,true,true,true,true,488,false,true,5,https://www.oberndoerferco.com/en-de/products/brown-bag-model-017-italian-leather-tote-bag
15973409554757,BAG MODEL 017 - Light Blue,blue-bag-model-017,ACTIVE,Handbag,Handbags,Featured products; Products; Travel; Bags; New In,825.00,825.00,1,true,DENY,1,false,true,L 39 cm × W 14.5 cm × H 32 cm (15.4 × 5.7 × 12.6 in),false,false,false,true,true,true,true,493,false,true,4,https://www.oberndoerferco.com/en-de/products/blue-bag-model-017
16030597677381,BAG MODEL 017 - Pink,pink-bag-model-017,ACTIVE,Handbag,Handbags,Featured products; Products; Travel; Bags; New In,825.00,825.00,0,true,CONTINUE,1,false,true,L 39 cm × W 14.5 cm × H 32 cm (15.4 × 5.7 × 12.6 in),false,false,false,true,true,true,true,487,false,true,3,https://www.oberndoerferco.com/en-de/products/pink-bag-model-017
14867203621189,Crochet Handbag - Beige,crochet-handbag,ACTIVE,Handbag,Handbags,Featured products; Products; Bags,329.00,329.00,1,true,DENY,1,false,false,,false,false,false,true,true,true,true,422,false,true,5,https://www.oberndoerferco.com/en-de/products/crochet-handbag
14867210305861,Crochet Handbag - Blue,crochet-handbag-1,ACTIVE,Handbag,Handbags,Featured products; Products; Bags,329.00,329.00,1,true,DENY,1,false,false,,false,false,false,true,true,true,true,394,false,true,5,https://www.oberndoerferco.com/en-de/products/crochet-handbag-1
14867212173637,Crochet Handbag - Peach,crochet-handbag-2,ACTIVE,Handbag,Handbags,Featured products; Products; Bags,329.00,329.00,1,true,DENY,1,false,false,,false,false,false,true,true,true,true,395,false,true,5,https://www.oberndoerferco.com/en-de/products/crochet-handbag-2
14867188285765,Crochet Handbag - Pink,crochet-handbag-pink,ACTIVE,Handbag,Handbags,Featured products; Products; Bags,329.00,329.00,1,true,DENY,1,false,false,,false,false,false,true,true,true,true,394,false,true,4,https://www.oberndoerferco.com/en-de/products/crochet-handbag-pink
14867219480901,Crochet Handbag - Purple,crochet-handbag-3,ACTIVE,Handbag,Handbags,Featured products; Products; Bags,329.00,329.00,1,true,DENY,1,false,false,,false,false,false,true,true,true,true,396,false,true,4,https://www.oberndoerferco.com/en-de/products/crochet-handbag-3
14867484639557,Mini Crochet Handbag - Beige,mini-crochet-handbag-3,ACTIVE,Handbag,Handbags,Featured products; Products; Bags,279.00,279.00,1,true,DENY,1,false,false,,false,false,false,true,true,true,true,409,false,true,5,https://www.oberndoerferco.com/en-de/products/mini-crochet-handbag-3
14867547783493,Mini Crochet Handbag - Blue,mini-crochet-handbag-5,ACTIVE,Handbag,Handbags,Featured products; Products; Bags,279.00,279.00,1,true,DENY,1,false,false,,false,false,false,true,true,true,true,408,false,true,5,https://www.oberndoerferco.com/en-de/products/mini-crochet-handbag-5
14867477332293,Mini Crochet Handbag - Multicolor Print,mini-crochet-handbag-2,ACTIVE,Handbag,Handbags,Featured products; Products; Bags,279.00,279.00,1,true,DENY,1,false,false,,false,false,false,true,true,true,true,417,false,true,5,https://www.oberndoerferco.com/en-de/products/mini-crochet-handbag-2
14867498402117,Mini Crochet Handbag - Peach,mini-crochet-handbag-4,ACTIVE,Handbag,Handbags,Featured products; Products; Bags,279.00,279.00,1,true,DENY,1,false,false,,false,false,false,true,true,true,true,409,false,true,4,https://www.oberndoerferco.com/en-de/products/mini-crochet-handbag-4
14867469599045,Mini Crochet Handbag - Pink,mini-crochet-handbag-1,ACTIVE,Handbag,Handbags,Featured products; Products; Bags,279.00,279.00,1,true,DENY,1,false,false,,false,false,false,true,true,true,true,408,false,true,4,https://www.oberndoerferco.com/en-de/products/mini-crochet-handbag-1
14867414974789,Mini Crochet Handbag - Purple,mini-crochet-handbag,ACTIVE,Handbag,Handbags,Featured products; Products; Bags,279.00,279.00,1,true,DENY,1,false,false,,false,false,false,true,true,true,true,410,false,true,4,https://www.oberndoerferco.com/en-de/products/mini-crochet-handbag
14893121274181,Ostrich Mini Trunk Handbag,minitrunk-handbag,ACTIVE,Handbag,Handbags,Featured products; Trunks; Products; Bags; New In,6298.00,6298.00,1,true,DENY,1,false,false,,false,false,true,false,true,true,true,550,false,true,5,https://www.oberndoerferco.com/en-de/products/minitrunk-handbag
9392604414277,The Mirror Handbag - Black,black-mirror-handbag-italian-leather,ACTIVE,Handbag,Handbags,Featured products; Products; Bags; Signature Pieces,1590.00,1590.00,1,true,DENY,1,false,true,L 18.5 cm × W 7 cm × H 11 cm (7.3 × 2.8 × 4.3 in),false,false,false,true,true,true,true,812,false,true,10,https://www.oberndoerferco.com/en-de/products/black-mirror-handbag-italian-leather
9392603857221,The Mirror Handbag - Blue,blue-mirror-handbag-italian-leather,ACTIVE,Handbag,Handbags,Featured products; Products; Bags,1675.00,1675.00,1,true,DENY,1,false,true,L 18.5 cm × W 7 cm × H 11 cm (7.3 × 2.8 × 4.3 in),false,false,false,true,true,true,true,806,false,true,9,https://www.oberndoerferco.com/en-de/products/blue-mirror-handbag-italian-leather
9392506306885,The Mirror Handbag - Lavender,milano-handbag-lavender,ACTIVE,Handbag,Handbags,Featured products; Products; Bags,1675.00,1675.00,0,true,CONTINUE,1,false,true,L 18.5 cm × W 7 cm × H 11 cm (7.3 × 2.8 × 4.3 in),false,false,false,true,true,true,true,809,false,true,10,https://www.oberndoerferco.com/en-de/products/milano-handbag-lavender
9392504701253,The Mirror Handbag - Nude,milano-handbag,ACTIVE,Handbag,Handbags,Featured products; Products; Bags,1675.00,1675.00,0,true,CONTINUE,1,false,true,L 18.5 cm × W 7 cm × H 11 cm (7.3 × 2.8 × 4.3 in),false,false,false,true,true,true,true,802,false,true,12,https://www.oberndoerferco.com/en-de/products/milano-handbag
9392602579269,The Mirror Handbag - Pink,milano-handbag-pink,ACTIVE,Handbag,Handbags,Featured products; Products; Bags,1675.00,1675.00,1,true,DENY,1,false,true,L 18.5 cm × W 7 cm × H 11 cm (7.3 × 2.8 × 4.3 in),false,false,false,true,true,true,true,807,false,true,9,https://www.oberndoerferco.com/en-de/products/milano-handbag-pink
9392601301317,The Mirror Handbag in Ostrich,milano-handbag-ostrich,ACTIVE,Handbag,Handbags,Featured products; Products; Bags,3825.00,3825.00,1,true,DENY,1,false,true,L 18.5 cm × W 7 cm × H 11 cm (7.3 × 2.8 × 4.3 in),false,false,true,true,true,true,true,773,false,true,8,https://www.oberndoerferco.com/en-de/products/milano-handbag-ostrich
14844647964997,Tote Leather Bag,tote-leather-bag-1,ACTIVE,Handbag,Handbags,Featured products; Products; Travel; Bags,1765.00,1765.00,1,true,DENY,1,false,false,,false,false,true,false,true,true,true,368,false,true,4,https://www.oberndoerferco.com/en-de/products/tote-leather-bag-1
14918489571653,Vault Bag,vault-bag,ACTIVE,Handbag,Handbags,Featured products; Trunks; Products; Bags; New In,1840.00,1840.00,1,true,DENY,1,false,false,,false,false,true,false,true,true,true,489,false,true,10,https://www.oberndoerferco.com/en-de/products/vault-bag
15071329124677,Jewelry Box x Trax Nyc,jewelry-box-x-trax-nyc,ACTIVE,Watchbox,Jewellery boxes,Featured products; Trunks; Products; New In; Oberndörfer x Trax NYC,1930.00,1930.00,1,true,DENY,1,false,false,,false,false,true,false,true,true,true,485,false,true,8,https://www.oberndoerferco.com/en-de/products/jewelry-box-x-trax-nyc
9584844996933,Leather Jewelry Box - Beige & Brown,nabuk-gray-brown-leather-box,ACTIVE,Watchbox,Jewellery boxes,Featured products; Trunks; Products,1890.00,1890.00,1,true,DENY,1,false,false,,false,false,true,false,true,true,true,321,false,true,8,https://www.oberndoerferco.com/en-de/products/nabuk-gray-brown-leather-box
9735745896773,Leather Necklace Box,leather-necklace-box,ACTIVE,Watchbox,Jewellery boxes,Featured products; Trunks; JEWELRY,2190.00,2190.00,1,true,CONTINUE,1,false,false,,false,false,true,false,true,true,true,455,false,true,7,https://www.oberndoerferco.com/en-de/products/leather-necklace-box
9584839033157,Nabuk Leather Jewelry Box - Blue,nabuk-blue-jewelry-leather-box,ACTIVE,Watchbox,Jewellery boxes,Featured products; Trunks; Products,1930.00,1930.00,1,true,DENY,1,false,true,L 26.5 cm × W 21 cm × H 11.5 cm (10.4 × 8.3 × 4.5 in),false,false,true,true,true,true,true,382,false,true,5,https://www.oberndoerferco.com/en-de/products/nabuk-blue-jewelry-leather-box
9583985099077,Nabuk Leather Jewelry Box - Grey,nabuk-gray-jewelry-leather-box,ACTIVE,Watchbox,Jewellery boxes,Featured products; Trunks; Products,1930.00,1930.00,1,true,DENY,1,false,true,L 26.5 cm × W 21 cm × H 11.5 cm (10.4 × 8.3 × 4.5 in),false,false,true,true,true,true,true,382,false,true,7,https://www.oberndoerferco.com/en-de/products/nabuk-gray-jewelry-leather-box
9584840933701,Nabuk Leather Jewelry Box - Red,nabuk-red-jewelry-leather-box,ACTIVE,Watchbox,Jewellery boxes,Featured products; Trunks; Products,1930.00,1930.00,0,true,CONTINUE,1,false,true,L 26.5 cm × W 21 cm × H 11.5 cm (10.4 × 8.3 × 4.5 in),false,false,true,true,true,true,true,381,false,true,6,https://www.oberndoerferco.com/en-de/products/nabuk-red-jewelry-leather-box
9584829301061,Nabuk Leather Jewelry Box - Yellow,nabuk-yellow-jewelry-leather-box,ACTIVE,Watchbox,Jewellery boxes,Featured products; Trunks; Products,1930.00,1930.00,1,true,DENY,1,false,true,L 26.5 cm × W 21 cm × H 11.5 cm (10.4 × 8.3 × 4.5 in),false,false,true,true,true,true,true,384,false,true,7,https://www.oberndoerferco.com/en-de/products/nabuk-yellow-jewelry-leather-box
15070523851077,Necklace Box x Trax NYC,necklace-trunk-x-trax-nyc,ACTIVE,Watchbox,Jewellery boxes,Trunks; Products; JEWELRY; New In; Oberndörfer x Trax NYC,7560.00,7560.00,1,true,DENY,1,false,false,,false,false,true,false,true,true,true,418,false,true,8,https://www.oberndoerferco.com/en-de/products/necklace-trunk-x-trax-nyc
9227177525573,Watch & Jewelry Box - Brown,jewelry-and-watchbox-1,ACTIVE,Watchbox,Jewellery boxes,Featured products; Trunks; Products,619.00,619.00,1,true,DENY,1,false,false,,false,false,false,true,true,true,true,382,false,true,8,https://www.oberndoerferco.com/en-de/products/jewelry-and-watchbox-1
9227183620421,Watch & Jewelry Box - Orange,jewelry-and-watchbox-orange,ACTIVE,Watchbox,Jewellery boxes,Featured products; Trunks; Products,619.00,619.00,1,true,DENY,1,false,false,,false,false,false,true,true,true,true,383,false,true,8,https://www.oberndoerferco.com/en-de/products/jewelry-and-watchbox-orange
9227165892933,Watch & Jewelry Box - Turquoise,jewelry-and-watchbox,ACTIVE,Watchbox,Jewellery boxes,Featured products; Trunks; Products,619.00,619.00,1,true,DENY,1,false,false,,false,false,false,true,true,true,true,391,false,true,7,https://www.oberndoerferco.com/en-de/products/jewelry-and-watchbox
16046416396613,Black Leather Coaster Set,black-leather-coaster-set,ACTIVE,Home Accessories,Other,SETS; Home Accessories,145.00,145.00,1,true,DENY,1,false,false,,false,false,false,true,true,true,true,329,false,true,4,https://www.oberndoerferco.com/en-de/products/black-leather-coaster-set
16046928953669,Blue Leather Coaster Set,blue-leather-coaster-set,ACTIVE,Home Accessories,Other,SETS; Home Accessories,145.00,145.00,1,true,DENY,1,false,false,,false,false,false,true,true,true,true,328,false,true,4,https://www.oberndoerferco.com/en-de/products/blue-leather-coaster-set
16045606666565,Brown Leather Coaster Set,leather-coaster-set-italian-calf-leather-brown,ACTIVE,Home Accessories,Other,SETS; Home Accessories,145.00,145.00,1,true,DENY,1,false,false,,false,false,false,true,true,true,true,329,false,true,4,https://www.oberndoerferco.com/en-de/products/leather-coaster-set-italian-calf-leather-brown
15610044186949,"Classic Leather Belt - Black, Round Buckle",black-classic-leather-belt,ACTIVE,Belt,Other,Products; Small Leather Goods,190.00,190.00,1,true,DENY,1,false,false,,false,false,false,true,true,true,true,413,false,true,9,https://www.oberndoerferco.com/en-de/products/black-classic-leather-belt
15610045530437,"Classic Leather Belt - Black, Squared Buckle",classic-leather-belt,ACTIVE,Belt,Other,Products; Small Leather Goods,190.00,190.00,1,true,DENY,1,false,false,,false,false,false,true,true,true,true,411,false,true,9,https://www.oberndoerferco.com/en-de/products/classic-leather-belt
14837318091077,Classic Leather Belt - Brown,classic-leather-belt-brown,ACTIVE,Belt,Other,Products; Small Leather Goods,190.00,190.00,1,true,DENY,1,false,false,,false,false,false,true,true,true,true,369,false,true,5,https://www.oberndoerferco.com/en-de/products/classic-leather-belt-brown
14838718824773,Classic Leather Belt- Handpainted,classic-leather-belt-handpainted,ACTIVE,Belt,Other,Products; Small Leather Goods,245.00,245.00,1,true,DENY,1,false,false,,false,false,false,false,true,true,true,448,false,true,5,https://www.oberndoerferco.com/en-de/products/classic-leather-belt-handpainted
16046961852741,Orange Leather Coaster Set,orange-leather-coaster-set,ACTIVE,Home Accessories,Other,SETS; Home Accessories,145.00,145.00,1,true,DENY,1,false,false,,false,false,false,true,true,true,true,330,false,true,4,https://www.oberndoerferco.com/en-de/products/orange-leather-coaster-set
9577046344005,Wine Holder Leather Box,wine-holder-leather-box,ACTIVE,Wine Case,Other,Trunks; Products,1625.00,1625.00,1,true,DENY,1,false,false,,false,false,true,false,false,false,true,586,false,true,8,https://www.oberndoerferco.com/en-de/products/wine-holder-leather-box
15967686951237,Black Geometric Sunglasses,black-geometric-sunglasses-made-in-italy,ACTIVE,Sunglasses,Sunglasses,Eyewear,350.00,350.00,1,true,DENY,1,false,false,,false,false,false,false,true,true,true,479,false,true,2,https://www.oberndoerferco.com/en-de/products/black-geometric-sunglasses-made-in-italy
15967689048389,Black Oversized Square Sunglasses,black-oversized-square-sunglasses-made-in-italy,ACTIVE,Sunglasses,Sunglasses,Eyewear,345.00,345.00,1,true,DENY,1,false,false,,false,false,false,false,true,true,true,466,false,true,2,https://www.oberndoerferco.com/en-de/products/black-oversized-square-sunglasses-made-in-italy
15966913134917,Black Rectangle Sunglasses,black-rectangle-sunglasses,ACTIVE,Sunglasses,Sunglasses,Eyewear,390.00,390.00,1,true,DENY,1,false,false,,false,false,false,false,true,true,true,479,false,true,2,https://www.oberndoerferco.com/en-de/products/black-rectangle-sunglasses
15967677743429,Black Slim Rectangle Sunglasses,black-slim-rectangle-sunglasses-made-in-italy,ACTIVE,Sunglasses,Sunglasses,Eyewear,325.00,325.00,1,true,DENY,1,false,false,,false,false,false,false,true,true,true,468,false,true,2,https://www.oberndoerferco.com/en-de/products/black-slim-rectangle-sunglasses-made-in-italy
15967620268357,Black Square Sunglasses,black-square-sunglasses,ACTIVE,Sunglasses,Sunglasses,Eyewear,350.00,350.00,1,true,DENY,1,false,false,,false,false,false,false,true,true,true,448,false,true,2,https://www.oberndoerferco.com/en-de/products/black-square-sunglasses
15967200575813,Green Rectangle Sunglasses,green-rectangle-sunglasses,ACTIVE,Sunglasses,Sunglasses,Eyewear,390.00,390.00,1,true,DENY,1,false,false,,false,false,false,false,true,true,true,520,false,true,2,https://www.oberndoerferco.com/en-de/products/green-rectangle-sunglasses
15967656837445,Grey Square Sunglasses,grey-square-sunglasses,ACTIVE,Sunglasses,Sunglasses,Eyewear,350.00,350.00,1,true,DENY,1,false,false,,false,false,false,false,true,true,true,478,false,true,2,https://www.oberndoerferco.com/en-de/products/grey-square-sunglasses
15966083612997,Narcos Glasses - Bottle Green,transparent-green-acetate-aviator-sunglasses,ACTIVE,Sunglasses,Sunglasses,Eyewear,425.00,425.00,1,true,DENY,1,false,false,,false,false,false,true,true,true,true,684,false,true,2,https://www.oberndoerferco.com/en-de/products/transparent-green-acetate-aviator-sunglasses
15966008639813,Narcos Glasses - Smoke Grey,milano-transparent-grey-acetate-aviator-sunglasses,ACTIVE,Sunglasses,Sunglasses,Eyewear,425.00,425.00,1,true,DENY,1,false,false,,false,false,false,true,true,true,true,640,false,true,2,https://www.oberndoerferco.com/en-de/products/milano-transparent-grey-acetate-aviator-sunglasses
15966095376709,Tortoise Rectangle Sunglasses,tortoise-rectangle-sunglasses,ACTIVE,Sunglasses,Sunglasses,Eyewear,390.00,390.00,1,true,DENY,1,false,false,,false,false,false,false,true,true,true,473,false,true,2,https://www.oberndoerferco.com/en-de/products/tortoise-rectangle-sunglasses
15967343214917,Tortoise Square Sunglasses,tortoise-square-sunglasses,ACTIVE,Sunglasses,Sunglasses,Eyewear,350.00,350.00,1,true,DENY,1,false,false,,false,false,false,false,true,true,true,472,false,true,2,https://www.oberndoerferco.com/en-de/products/tortoise-square-sunglasses
8625613340997,Black Leather Tray,black-leather-tray,ACTIVE,Leather Tray,Trays,Featured products; Home Accessories; Products,129.00,129.00,1,true,DENY,1,false,false,,false,false,false,true,true,true,true,183,true,true,3,https://www.oberndoerferco.com/en-de/products/black-leather-tray
8625605509445,Black and Yellow Leather Tray,black-and-yellow-leather-tray,ACTIVE,Leather Tray,Trays,Home Accessories; Products,129.00,129.00,2,true,DENY,1,false,false,,false,false,false,true,true,true,true,213,false,true,3,https://www.oberndoerferco.com/en-de/products/black-and-yellow-leather-tray
8625501503813,Brown Leather Tray,brown-leather-tray,ACTIVE,Leather Tray,Trays,Home Accessories; Products,129.00,129.00,3,true,DENY,1,false,false,,false,false,false,true,true,true,true,183,true,true,3,https://www.oberndoerferco.com/en-de/products/brown-leather-tray
8625514578245,Dark Blue Leather Tray,dark-blue-leather-tray,ACTIVE,Leather Tray,Trays,Home Accessories; Products,129.00,129.00,3,true,DENY,1,false,false,,false,false,false,true,true,true,true,187,true,true,3,https://www.oberndoerferco.com/en-de/products/dark-blue-leather-tray
8625603772741,Dark Green Leather Tray,dark-green-leather-tray,ACTIVE,Leather Tray,Trays,Home Accessories; Products,129.00,129.00,2,true,DENY,1,false,false,,false,false,false,true,true,true,true,188,true,true,3,https://www.oberndoerferco.com/en-de/products/dark-green-leather-tray
8625607835973,Dark Green and Brown Leather Tray,dark-green-brown-leather-tray,ACTIVE,Leather Tray,Trays,Home Accessories; Products,129.00,129.00,2,true,DENY,1,false,false,,false,false,false,true,true,true,true,198,true,true,3,https://www.oberndoerferco.com/en-de/products/dark-green-brown-leather-tray
8625609670981,Red Leather Tray,red-leather-tray,ACTIVE,Leather Tray,Trays,Home Accessories; Products,129.00,129.00,2,true,DENY,1,false,false,,false,false,false,true,true,true,true,181,true,true,3,https://www.oberndoerferco.com/en-de/products/red-leather-tray
8625609965893,White/Blue Leather Tray,white-blue-leather-tray,ACTIVE,Leather Tray,Trays,Home Accessories; Products,129.00,129.00,2,true,DENY,1,false,false,,false,false,false,true,false,true,true,184,true,true,3,https://www.oberndoerferco.com/en-de/products/white-blue-leather-tray
8625517429061,Yellow and Brown Leather Tray,yellow-and-brown-leather-tray,ACTIVE,Leather Tray,Trays,Home Accessories; Products,129.00,129.00,2,true,DENY,1,false,false,,false,false,false,true,false,true,true,198,true,true,3,https://www.oberndoerferco.com/en-de/products/yellow-and-brown-leather-tray
8772075258181,Blue Alligator Wallet,blue-alligator-wallet,ACTIVE,Wallet,Wallets,Products; Small Leather Goods,765.00,765.00,0,true,CONTINUE,1,false,false,,false,false,true,false,true,true,true,451,false,true,5,https://www.oberndoerferco.com/en-de/products/blue-alligator-wallet
9191652393285,Crocodile Passport Holder,crocodile-passport-holder,ACTIVE,Wallet,Wallets,Products,720.00,720.00,1,true,DENY,1,false,false,,false,false,true,false,false,false,true,419,false,true,6,https://www.oberndoerferco.com/en-de/products/crocodile-passport-holder
9198920958277,Crocodile Wallet - Black/Khaki,crocodile-wallet-black,ACTIVE,Wallet,Wallets,Products; Small Leather Goods,720.00,720.00,2,true,DENY,2,false,false,,false,false,true,true,true,true,true,656,false,true,10,https://www.oberndoerferco.com/en-de/products/crocodile-wallet-black
9198921810245,Crocodile Wallet - Chocolate,crocodile-brown-wallet,ACTIVE,Wallet,Wallets,Products; Small Leather Goods,720.00,720.00,1,true,DENY,1,false,false,,false,false,true,true,true,true,true,653,false,true,7,https://www.oberndoerferco.com/en-de/products/crocodile-brown-wallet
9191652950341,Crocodile Wallet - Cognac,crocodile-wallet-brown,ACTIVE,Wallet,Wallets,Products; Small Leather Goods,720.00,720.00,0,true,CONTINUE,1,false,false,,false,false,true,true,true,true,true,627,false,true,7,https://www.oberndoerferco.com/en-de/products/crocodile-wallet-brown
9198904541509,Crocodile Wallet - Dark Blue,crocodile-wallet-blue,ACTIVE,Wallet,Wallets,Products; Small Leather Goods,720.00,720.00,1,true,DENY,1,false,false,,false,false,true,true,true,true,true,648,false,true,8,https://www.oberndoerferco.com/en-de/products/crocodile-wallet-blue
9191651836229,Crocodile Wallet - Grey,alligator-wallet-grey,ACTIVE,Wallet,Wallets,Products; Small Leather Goods,720.00,720.00,1,true,DENY,1,false,false,,false,false,true,true,true,true,true,647,false,true,7,https://www.oberndoerferco.com/en-de/products/alligator-wallet-grey
9198894580037,Crocodile Wallet - Light Brown,crocodile-wallet,ACTIVE,Wallet,Wallets,Products; Small Leather Goods,720.00,720.00,1,true,DENY,1,false,false,,false,false,true,true,true,true,true,649,false,true,7,https://www.oberndoerferco.com/en-de/products/crocodile-wallet
9198919483717,Crocodile Wallet - Turquoise,crocodile-wallet-turquoise,ACTIVE,Wallet,Wallets,Products; Small Leather Goods,720.00,720.00,1,true,DENY,1,false,false,,false,false,true,true,true,true,true,651,false,true,8,https://www.oberndoerferco.com/en-de/products/crocodile-wallet-turquoise
8607785320773,3-Place Watch Box - Blue,blue-3-places-watchbox,ACTIVE,Watchbox,Watch boxes,Featured products; Trunks; Products; Travel,395.00,395.00,2,true,DENY,1,false,false,,false,false,false,true,true,true,true,600,false,true,7,https://www.oberndoerferco.com/en-de/products/blue-3-places-watchbox
8607781519685,3-Place Watch Box - Dark Green,dark-green-3-places-watchbox,ACTIVE,Watchbox,Watch boxes,Featured products; Trunks; Products; Travel,395.00,395.00,2,true,DENY,1,false,false,,false,false,false,true,true,true,true,606,false,true,8,https://www.oberndoerferco.com/en-de/products/dark-green-3-places-watchbox
8607785877829,3-Place Watch Box - Green,green-3-place-watchbox,ACTIVE,Watchbox,Watch boxes,Featured products; Trunks; Products; Travel,395.00,395.00,2,true,DENY,1,false,false,,false,false,false,true,true,true,true,601,false,true,8,https://www.oberndoerferco.com/en-de/products/green-3-place-watchbox
8607783158085,3-Place Watch Box - Grey,grey-3-places-watchbox,ACTIVE,Watchbox,Watch boxes,Featured products; Trunks; Products; Travel,395.00,395.00,2,true,DENY,1,false,false,,false,false,false,true,true,true,true,600,false,true,9,https://www.oberndoerferco.com/en-de/products/grey-3-places-watchbox
8607785517381,3-Place Watch Box - Red,red-3-places-watchbox,ACTIVE,Watchbox,Watch boxes,Featured products; Trunks; Products; Travel,395.00,395.00,2,true,DENY,1,false,false,,false,false,false,true,true,true,true,599,false,true,7,https://www.oberndoerferco.com/en-de/products/red-3-places-watchbox
8607784829253,3-Place Watch Box - Yellow,yellow-3-places-watchbox,ACTIVE,Watchbox,Watch boxes,Featured products; Trunks; Products; Travel,395.00,395.00,2,true,DENY,1,false,false,,false,false,false,true,true,true,true,602,false,true,8,https://www.oberndoerferco.com/en-de/products/yellow-3-places-watchbox
8746129785157,8-Place Watch Box - Black Classic,8-place-watchbox-black,ACTIVE,Watchbox,Watch boxes,Featured products; Trunks; Products,1490.00,1490.00,1,true,DENY,1,false,false,,false,false,false,true,true,true,true,455,false,true,7,https://www.oberndoerferco.com/en-de/products/8-place-watchbox-black
8607787155781,8-Place Watch Box - Black Stud,black-8-places-watchbox,ACTIVE,Watchbox,Watch boxes,Featured products; Trunks; Products,1682.00,1682.00,2,true,DENY,1,false,false,,false,false,true,true,true,true,true,573,false,true,7,https://www.oberndoerferco.com/en-de/products/black-8-places-watchbox
8746131521861,8-Place Watch Box - Brown,8-place-watchbox-brown,ACTIVE,Watchbox,Watch boxes,Featured products; Trunks; Products,1490.00,1490.00,1,true,DENY,1,false,false,,false,false,false,true,true,true,true,369,false,true,7,https://www.oberndoerferco.com/en-de/products/8-place-watchbox-brown
8622973714757,8-Place Watch Box - Green,green-8-places-watchbox,ACTIVE,Watchbox,Watch boxes,Featured products; Trunks; Products,1490.00,1490.00,2,true,DENY,1,false,false,,false,false,false,true,true,true,true,341,false,true,8,https://www.oberndoerferco.com/en-de/products/green-8-places-watchbox
8622976762181,8-Place Watch Box - Grey,grey-8-places-watchbox,ACTIVE,Watchbox,Watch boxes,Featured products; Trunks; Products,1490.00,1490.00,2,true,DENY,1,false,false,,false,false,false,true,true,true,true,347,false,true,7,https://www.oberndoerferco.com/en-de/products/grey-8-places-watchbox
8746124771653,8-Place Watch Box - Orange,orange-8-place-watchbox,ACTIVE,Watchbox,Watch boxes,Featured products; Trunks; Products,1490.00,1490.00,1,true,DENY,1,false,false,,false,false,false,true,true,true,true,348,false,true,7,https://www.oberndoerferco.com/en-de/products/orange-8-place-watchbox
8622976532805,8-Place Watch Box - Red,red-8-place-watchbox,ACTIVE,Watchbox,Watch boxes,Featured products; Trunks; Products,1490.00,1490.00,2,true,DENY,1,false,false,,false,false,false,true,true,true,true,339,false,true,6,https://www.oberndoerferco.com/en-de/products/red-8-place-watchbox
8746118480197,8-Place Watch Box - Turquoise,turquoise-8-places-watchbox,ACTIVE,Watchbox,Watch boxes,Featured products; Trunks; Products,1490.00,1490.00,1,true,DENY,1,false,false,,false,false,false,true,true,true,true,351,false,true,9,https://www.oberndoerferco.com/en-de/products/turquoise-8-places-watchbox
8622975025477,8-Place Watch Box - Turquoise & Black,turquoise-and-black-8-places-watchbox,ACTIVE,Watchbox,Watch boxes,Featured products; Trunks; Products,1490.00,1490.00,2,true,DENY,1,false,false,,false,false,false,true,true,true,true,355,false,true,8,https://www.oberndoerferco.com/en-de/products/turquoise-and-black-8-places-watchbox
8772078076229,8-Place XL Watch Box,premium-8-place-watchbox,ACTIVE,Watchbox,Watch boxes,Featured products; Trunks; Products,3389.00,3389.00,0,true,CONTINUE,1,false,false,,false,false,true,false,true,true,true,393,false,true,9,https://www.oberndoerferco.com/en-de/products/premium-8-place-watchbox
15610904117573,Gold Trunk mini x Trax Nyc,mini-trunk-x-traxnyc,ACTIVE,Watchbox,Watch boxes,Trunks; Products; JEWELRY; New In; Oberndörfer x Trax NYC,2230.00,2230.00,1,true,DENY,1,false,false,,false,false,true,false,true,true,true,460,false,true,8,https://www.oberndoerferco.com/en-de/products/mini-trunk-x-traxnyc
15873291288901,Leather Watch Box - Black,black-leather-watch-box,ACTIVE,Watchbox,Watch boxes,Trunks; Travel; New In; Signature Pieces,1110.00,1110.00,1,true,DENY,1,false,true,L 17.5 cm × W 10.5 cm × H 7.5 cm (6.9 × 4.1 × 3 in),false,false,false,true,true,true,true,503,false,true,4,https://www.oberndoerferco.com/en-de/products/black-leather-watch-box
15873601077573,Leather Watch Box - Cognac,brown-leather-watch-box,ACTIVE,Watchbox,Watch boxes,Trunks; Travel; New In,1110.00,1110.00,1,true,DENY,1,false,true,L 17.5 cm × W 10.5 cm × H 7.5 cm (6.9 × 4.1 × 3 in),false,false,false,true,true,true,true,504,false,true,4,https://www.oberndoerferco.com/en-de/products/brown-leather-watch-box
15882245177669,Leather Watch Box - Cognac Suede,brown-suede-leather-watch-box,ACTIVE,Watchbox,Watch boxes,Trunks; Travel; New In,1110.00,1110.00,1,true,DENY,1,false,true,L 17.5 cm × W 10.5 cm × H 7.5 cm (6.9 × 4.1 × 3 in),false,false,false,true,true,true,true,545,false,true,4,https://www.oberndoerferco.com/en-de/products/brown-suede-leather-watch-box
15880722972997,Leather Watch Box - Dark Green,green-leather-watch-box,ACTIVE,Watchbox,Watch boxes,Trunks; Travel; New In,1110.00,1110.00,1,true,DENY,1,false,true,L 17.5 cm × W 10.5 cm × H 7.5 cm (6.9 × 4.1 × 3 in),false,false,false,true,true,true,true,508,false,true,4,https://www.oberndoerferco.com/en-de/products/green-leather-watch-box
15875055059269,Leather Watch Box - Jeans Blue,blue-leather-watch-box,ACTIVE,Watchbox,Watch boxes,Trunks; Travel; New In,1110.00,1110.00,1,true,DENY,1,false,true,L 17.5 cm × W 10.5 cm × H 7.5 cm (6.9 × 4.1 × 3 in),false,false,false,true,true,true,true,508,false,true,4,https://www.oberndoerferco.com/en-de/products/blue-leather-watch-box
15882231841093,Leather Watch Box - Navy Blue,navy-blue-leather-watch-box,ACTIVE,Watchbox,Watch boxes,Trunks; Travel; New In,1110.00,1110.00,1,true,DENY,1,false,true,L 17.5 cm × W 10.5 cm × H 7.5 cm (6.9 × 4.1 × 3 in),false,false,false,true,true,true,true,507,false,true,4,https://www.oberndoerferco.com/en-de/products/navy-blue-leather-watch-box
15878443663685,Leather Watch Box - Pastel Blue,pastel-blue-leather-watch-box,ACTIVE,Watchbox,Watch boxes,Trunks; Travel; New In,1110.00,1110.00,1,true,DENY,1,false,true,L 17.5 cm × W 10.5 cm × H 7.5 cm (6.9 × 4.1 × 3 in),false,false,false,true,true,true,true,509,false,true,4,https://www.oberndoerferco.com/en-de/products/pastel-blue-leather-watch-box
15879183368517,Leather Watch Box - Pastel Pink,pink-leather-watch-box,ACTIVE,Watchbox,Watch boxes,Trunks; Travel; New In,1110.00,1110.00,1,true,DENY,1,false,true,L 17.5 cm × W 10.5 cm × H 7.5 cm (6.9 × 4.1 × 3 in),false,false,false,true,true,true,true,509,false,true,4,https://www.oberndoerferco.com/en-de/products/pink-leather-watch-box
15881145385285,Leather Watch Box - Yellow,yellow-leather-watch-box,ACTIVE,Watchbox,Watch boxes,Trunks; Travel; New In,1110.00,1110.00,1,true,DENY,1,false,true,L 17.5 cm × W 10.5 cm × H 7.5 cm (6.9 × 4.1 × 3 in),false,false,false,true,true,true,true,504,false,true,4,https://www.oberndoerferco.com/en-de/products/yellow-leather-watch-box
16175716303173,Hoodie OBERNDÖRFER MILANO,wordmark-hoodie,DRAFT,Hoodie,Apparel,Ready to Wear,180.00,180.00,0,true,CONTINUE,15,false,false,,false,false,true,false,true,true,true,411,false,true,6,
16175785378117,Hoodie OM,initials-hoodie,DRAFT,Hoodie,Apparel,Ready to Wear,180.00,180.00,0,true,CONTINUE,15,false,false,,false,false,true,false,true,true,true,418,false,true,6,
16175785541957,Hoodie with Logo,lattice-hoodie,DRAFT,Hoodie,Apparel,Ready to Wear,180.00,180.00,0,true,CONTINUE,15,false,false,,false,false,true,false,true,true,true,522,false,true,6,
16116118946117,Short sleeved T-Shirt,milano-t-shirt,DRAFT,T-Shirt,Apparel,Products; Ready to Wear,0.00,0.00,0,false,CONTINUE,10,false,false,,false,false,true,false,false,true,true,355,false,true,4,
16116118028613,The Crest T-Shirt,crest-t-shirt,DRAFT,T-Shirt,Apparel,Products; Ready to Wear,0.00,0.00,0,false,CONTINUE,10,false,false,,false,false,true,false,false,true,true,474,false,true,4,
16116118585669,The Gothic T-Shirt,gothic-t-shirt,DRAFT,T-Shirt,Apparel,Products; Ready to Wear,0.00,0.00,0,false,CONTINUE,10,false,false,,false,false,true,false,false,true,true,431,false,true,4,
16110266253637,The Monogram Puffer Jacket - Black,monogram-puffer-jacket-black,DRAFT,Jacket,Apparel,Products; Ready to Wear,0.00,0.00,0,false,DENY,1,false,false,,false,false,true,false,false,true,true,678,false,true,2,
16110269563205,The Monogram Puffer Jacket - Brown,monogram-puffer-jacket-brown,DRAFT,Jacket,Apparel,Products; Ready to Wear,0.00,0.00,0,false,DENY,1,false,false,,false,false,true,false,false,true,true,683,false,true,2,
16110268612933,The Monogram Puffer Jacket - Military Green,monogram-puffer-jacket-military-green,DRAFT,Jacket,Apparel,Products; Ready to Wear,0.00,0.00,0,false,DENY,1,false,false,,false,false,true,false,false,true,true,687,false,true,2,
16110267531589,The Monogram Puffer Jacket - Navy,monogram-puffer-jacket-navy,DRAFT,Jacket,Apparel,Products; Ready to Wear,0.00,0.00,0,false,DENY,1,false,false,,false,false,true,false,false,true,true,682,false,true,2,
16116118847813,The Serigraph T-Shirt,serigraph-t-shirt,DRAFT,T-Shirt,Apparel,Products; Ready to Wear,0.00,0.00,0,false,CONTINUE,10,false,false,,false,false,true,false,false,true,true,328,false,true,4,
16116118520133,The Star T-Shirt,star-t-shirt,DRAFT,T-Shirt,Apparel,Products; Ready to Wear,0.00,0.00,0,false,CONTINUE,10,false,false,,false,false,true,false,false,true,true,363,false,true,4,
16116118094149,The Wordmark T-Shirt,wordmark-t-shirt,DRAFT,T-Shirt,Apparel,Products; Ready to Wear,0.00,0.00,0,false,CONTINUE,10,false,false,,false,false,true,false,false,true,true,416,false,true,4,
8770714566981,Black Crocodile Backpack,copy-of-green-crocodile-backpack,DRAFT,Backpack,Bags & travel,Products,7630.00,7630.00,1,true,DENY,1,false,false,,false,false,false,false,false,false,true,794,false,true,3,
8770611347781,Black Golf Bag,black-golf-bag,DRAFT,Golfbag,Bags & travel,Featured products; Products; Golfbags,13950.00,13950.00,1,true,DENY,1,false,false,,false,false,false,false,false,false,true,702,false,true,4,
8769356366149,Black Weekend Bag with Crocodile,unbenannt-1-jan-_23-11,DRAFT,Travel Bag,Bags & travel,Featured products; Products,9250.00,9250.00,1,true,DENY,1,false,false,,false,false,false,false,false,false,true,803,false,true,3,
8770596602181,Black and Orange Golf Bag,copy-of-black-and-white-golf-bag,DRAFT,Golfbag,Bags & travel,Featured products; Products; Golfbags,11580.00,11580.00,1,true,DENY,1,false,false,,false,false,false,false,false,false,true,702,false,true,2,
8770350776645,Black and Red Alligator Trolley,black-and-red-crocodile-trolley,DRAFT,Trolley,Bags & travel,,40575.00,40575.00,1,true,DENY,1,false,false,,false,false,false,false,false,false,true,736,false,true,3,
8770588115269,Black and White Golf Bag,copy-of-orange-golf-bag,DRAFT,Golfbag,Bags & travel,Featured products; Products; Golfbags,11200.00,11200.00,1,true,DENY,1,false,false,,false,false,false,false,false,false,true,696,false,true,2,
8770220622149,Blue Crocodile Cabin Trolley,blue-crocodile-cabin-trolley,DRAFT,Trolley,Bags & travel,,77500.00,77500.00,1,true,DENY,1,false,false,,false,false,false,false,false,false,true,798,false,true,7,
8769706950981,Blue Crocodile Trolley,blue-alligator-trolley,DRAFT,Trolley,Bags & travel,,82500.00,82500.00,1,true,DENY,1,false,false,,false,false,false,false,false,false,true,786,false,true,4,
8769366032709,Blue Weekend Bag with Crocodile details,blue-weekend-bag-with-crocodile-details,DRAFT,Travel Bag,Bags & travel,Featured products; Products,9250.00,9250.00,1,true,DENY,1,false,false,,false,false,false,false,false,false,true,802,false,true,3,
8769365246277,Brown Crocodile Weekend Bag,brown-crocodile-weekend-bag,DRAFT,Travel Bag,Bags & travel,Featured products; Products,14200.00,14200.00,1,true,DENY,1,false,false,,false,false,false,false,false,false,true,790,false,true,3,
8770561704261,Brown and Orange Ostrich Golf Bag,brown-and-orange-ostrich-golf-bag,DRAFT,Golfbag,Bags & travel,Featured products; Products; Golfbags,17500.00,17500.00,1,true,DENY,1,false,false,,false,false,false,false,false,false,true,690,false,true,4,
8770620981573,Dark Blue Alligator Golf Bag,copy-of-black-golf-bag,DRAFT,Golfbag,Bags & travel,Featured products; Products; Golfbags,49580.00,49580.00,1,true,DENY,1,false,false,,false,false,false,false,false,false,true,723,false,true,3,
8770713944389,Green Crocodile Backpack,green-crocodile-backpack,DRAFT,Backpack,Bags & travel,Products,15280.00,15280.00,1,true,DENY,1,false,false,,false,false,false,false,false,false,true,794,false,true,4,
14834400133445,Handmade Italian Leather Duffle Bag,black-weekend-bag-with-crocodile-copy,DRAFT,Travel Bag,Bags & travel,Featured products; Products,2600.00,2600.00,1,true,DENY,1,false,false,,false,false,false,false,false,false,true,1540,false,true,8,
8770566979909,Orange Golf Bag,copy-of-brown-and-orange-ostrich-golf-bag,DRAFT,Golfbag,Bags & travel,Featured products; Products; Golfbags,9200.00,9200.00,1,true,DENY,1,false,false,,false,false,false,false,false,false,true,692,false,true,4,
15861759803717,SAC,sac-italian-black-leather-backpack,DRAFT,Backpack,Bags & travel,Products; Travel; Bags; New In,2120.00,2120.00,1,true,DENY,1,false,true,L 28 cm × W 19 cm × H 9 cm (11 × 7.5 × 3.5 in),false,false,false,false,true,true,true,1144,false,true,6,
8769367245125,Black Crocodile Briefcase,black-crocodile-briefcase,DRAFT,Handbag,Handbags,Products; Travel; Bags,14980.00,14980.00,1,true,DENY,1,false,false,,false,false,false,false,false,false,true,669,false,true,4,
8769427898693,Black Crocodile Document Holder,black-crocodile-document-holder,DRAFT,Handbag,Handbags,Products; Bags,13580.00,13580.00,1,true,DENY,1,false,false,,false,false,false,false,false,false,true,781,false,true,3,
8769413611845,Blue Crocodile Bag,blue-crocodile-bag,DRAFT,Handbag,Handbags,Featured products; Products; Bags,14780.00,14780.00,1,true,DENY,1,false,false,,false,false,false,false,false,false,true,681,false,true,4,
8769442808133,Blue Crocodile Document Holder,blue-crocodile-document-holder,DRAFT,Handbag,Handbags,Products; Bags,13580.00,13580.00,1,true,DENY,1,false,false,,false,false,false,false,false,false,true,780,false,true,4,
8769685356869,Brown Crocodile Document Holder,brown-crocodile-document-holder,DRAFT,Handbag,Handbags,Products; Bags,13580.00,13580.00,1,true,DENY,1,false,false,,false,false,false,false,false,false,true,781,false,true,3,
8769356497221,Brown Ostrich Bag,brown-ostrich-bag,DRAFT,Handbag,Handbags,Featured products; Products; Bags,7850.00,7850.00,1,true,DENY,1,false,false,,false,false,false,false,false,false,true,644,false,true,4,
8769687781701,Brown Ostrich Document Holder,brown-ostrich-document-holder,DRAFT,Handbag,Handbags,Products; Bags,8890.00,8890.00,1,true,DENY,1,false,false,,false,false,false,false,false,false,true,947,false,true,3,
8769687224645,Grey Crocodile Document Holder,grey-crocodile-document-holder,DRAFT,Handbag,Handbags,Products; Bags,13750.00,13750.00,1,true,DENY,1,false,false,,false,false,false,false,false,false,true,780,false,true,4,
9576746713413,Handcrafted Italian Crochet Handbag,handcrafted-italian-crochet-handbag,DRAFT,Handbag,Handbags,Featured products; Products; Bags,279.00,329.00,12,true,DENY,12,false,false,,false,false,false,false,false,false,true,1040,false,true,7,
9392600285509,The Mirror Handbag,milano-handbag-blue,DRAFT,Handbag,Handbags,Featured products; Products; Bags,1675.00,1675.00,0,true,DENY,1,true,true,L 18.5 cm × W 7 cm × H 11 cm (7.3 × 2.8 × 4.3 in),false,false,false,false,false,false,true,866,false,true,11,
14844637380933,Tote Leather Bag,tote-leather-bag,DRAFT,Handbag,Handbags,Featured products; Products; Travel; Bags,2120.00,2120.00,1,true,DENY,1,false,false,,false,false,false,false,false,false,true,662,false,true,6,
14845909532997,Weekend Bag,leather-duffel-bag-copy,DRAFT,Handbag,Handbags,Featured products; Products; Travel; Bags,1950.00,1950.00,1,true,DENY,1,false,false,,false,false,false,false,false,false,true,324,false,true,8,
8770447671621,White and Grey Crocodile Document Holder,white-and-grey-crocodile-document-holder,DRAFT,Handbag,Handbags,Products; Bags,13580.00,13580.00,1,true,DENY,1,false,false,,false,false,false,false,false,false,true,793,false,true,3,
14917769363781,18K Gold VVS Diamonds & Black Diamonds Flower Ring,18k-white-gold-vvs-diamonds-black-diamonds-flower-ring-copy,DRAFT,High Jewelry,Jewellery,RINGS; HIGH JEWELRY; JEWELRY,9600.00,9600.00,1,true,DENY,17,false,false,,false,false,false,false,false,false,true,890,false,true,7,
14916822630725,18K White Gold Blue Sapphire & Diamond Ring,rubin-snake-diamond-ring-copy,DRAFT,High Jewelry,Jewellery,RINGS; HIGH JEWELRY; JEWELRY,10500.00,10500.00,1,true,DENY,17,false,false,,false,false,false,false,false,false,true,985,false,true,6,
14916746838341,18K White Gold VVS Diamonds & Black Diamonds Flower Ring,18k-white-gold-with-pink-diamond-ring-copy,DRAFT,High Jewelry,Jewellery,RINGS; HIGH JEWELRY; JEWELRY,17200.00,17200.00,1,true,DENY,17,false,false,,false,false,false,false,false,false,true,902,false,true,5,
8682598334789,18k Rose Gold Butterfly Bracelet,18k-rose-gold-butterfly-bracelet,DRAFT,Bracelet,Jewellery,BRACELETS; JEWELRY,780.00,780.00,1,true,DENY,1,false,false,,false,false,false,false,true,true,true,763,false,true,5,
8681957491013,18k White Gold 3 Pendant Bracelet,18k-white-gold-3-pendant-bracelet,DRAFT,Bracelet,Jewellery,BRACELETS; JEWELRY,790.00,790.00,1,true,DENY,1,false,false,,false,false,false,false,true,true,true,1052,false,true,5,
8682645225797,18k White Gold Angel Bracelet,18k-white-gold-angel-bracelet,DRAFT,Bracelet,Jewellery,BRACELETS; JEWELRY,990.00,990.00,1,true,DENY,1,false,false,,false,false,false,false,true,true,true,924,false,true,4,
8744540078405,18k White Gold Blue Sapphire Bracelet,18k-white-gold-blue-sapphire-bracelet,DRAFT,Bracelet,Jewellery,BRACELETS; JEWELRY,8820.00,8820.00,1,true,DENY,1,false,false,,false,false,false,false,false,false,true,95,true,true,5,
8709253497157,18k White Gold Blue Sapphire Ring,18k-white-gold-blue-sapphire-ring,DRAFT,High Jewelry,Jewellery,RINGS; HIGH JEWELRY; JEWELRY,11700.00,11700.00,1,true,DENY,17,false,false,,false,false,false,false,false,false,true,178,true,true,8,
8682611802437,18k White Gold Bow Bracelet,18k-white-gold-bow-bracelet,DRAFT,Bracelet,Jewellery,BRACELETS; JEWELRY,1300.00,1300.00,1,true,CONTINUE,1,false,false,,false,false,false,false,true,true,true,891,false,true,6,
8581069013317,18k White Gold Bow Necklace,18k-white-gold-bow-necklace,DRAFT,Necklace,Jewellery,NECKLACES; Featured products; JEWELRY,1450.00,1450.00,1,true,CONTINUE,1,false,false,,false,false,false,false,true,true,true,1055,false,true,5,
8710049202501,18k White Gold Diamond Bracelet,18k-white-gold-diamond-bracelet,DRAFT,High Jewelry,Jewellery,BRACELETS; HIGH JEWELRY; JEWELRY,90000.00,90000.00,0,true,DENY,1,true,false,,false,false,false,false,false,false,true,55,true,true,10,
8744532476229,18k White Gold Diamond Bracelet,18k-white-gold-diamond-bracelet-1,DRAFT,High Jewelry,Jewellery,BRACELETS; HIGH JEWELRY; JEWELRY,19920.00,19920.00,1,true,DENY,1,false,false,,false,false,false,false,false,false,true,89,true,true,6,
8708661674309,18k White Gold Diamond Ring,18k-white-gold-diamond-baguette-ring,DRAFT,High Jewelry,Jewellery,RINGS; HIGH JEWELRY; JEWELRY,8530.00,8530.00,1,true,DENY,17,false,false,,false,false,false,false,false,false,true,321,false,true,7,
8708686774597,18k White Gold Diamonds Long Drop Stud Earrings,18k-white-gold-diamonds-pendant-earring,DRAFT,High Jewelry,Jewellery,EARRINGS; HIGH JEWELRY; JEWELRY,23290.00,23290.00,1,true,DENY,1,false,false,,false,false,false,false,false,false,true,86,true,true,5,
8744527790405,18k White Gold Emerald Earrings,18k-white-gold-emerald-earrings,DRAFT,Earring,Jewellery,EARRINGS; JEWELRY,4820.00,4820.00,1,true,DENY,1,false,false,,false,false,false,false,false,false,true,88,true,true,7,
8739628056901,18k White Gold Emerald Flower Ring,emerald-flower-ring,DRAFT,Ring,Jewellery,RINGS; JEWELRY,5730.00,5730.00,10,true,DENY,17,false,false,,false,false,false,false,false,false,true,188,true,true,6,
8741982241093,18k White Gold Emerald Ring,18k-white-gold-emerald-ring,DRAFT,High Jewelry,Jewellery,RINGS; Featured products; HIGH JEWELRY; JEWELRY,12700.00,12700.00,2,true,DENY,17,false,false,,false,false,false,false,false,false,true,292,false,true,6,
8742725714245,18k White Gold Emerald and Diamond Ring,18-k-emerald-and-diamond,DRAFT,High Jewelry,Jewellery,RINGS; HIGH JEWELRY; JEWELRY,41200.00,41200.00,1,true,DENY,17,false,false,,false,false,false,false,false,false,true,165,true,true,7,
8707153101125,18k White Gold Flower Composition Earrings,18k-white-gold-flower-composition-earrings,DRAFT,High Jewelry,Jewellery,EARRINGS; HIGH JEWELRY; JEWELRY,16960.00,16960.00,1,true,DENY,1,false,false,,false,false,false,false,false,false,true,74,true,true,6,
8580924703045,18k White Gold Gecko Bracelet,18k-white-gold-gecko-bracelet,DRAFT,Bracelet,Jewellery,BRACELETS; JEWELRY,1190.00,1190.00,1,true,CONTINUE,1,false,false,,false,false,false,false,true,true,true,1087,false,true,5,
8579260809541,18k White Gold Heart Necklace Diamonds,18k-white-gold-heart-necklace-diamonds,DRAFT,Necklace,Jewellery,NECKLACES; JEWELRY,990.00,2050.00,2,true,DENY,2,false,false,,false,false,false,false,true,true,true,969,false,true,7,
8709211062597,18k White Gold Long Tennis Earrings,18k-white-gold-long-tennis-earrings,DRAFT,Earring,Jewellery,EARRINGS; Featured products; JEWELRY,6930.00,6930.00,1,true,DENY,1,false,false,,false,false,false,false,false,false,true,86,true,true,4,
8593504960837,18k White Gold Margherita Necklace,18k-white-gold-margherita-necklace,DRAFT,Necklace,Jewellery,NECKLACES; Featured products; JEWELRY,890.00,1799.00,2,true,CONTINUE,2,false,false,,false,false,false,false,true,true,true,732,false,true,4,
8708794974533,18k White Gold Rain Drop Necklace,18k-white-gold,DRAFT,High Jewelry,Jewellery,NECKLACES; HIGH JEWELRY; JEWELRY,21330.00,21330.00,1,true,DENY,1,false,false,,false,false,false,false,false,false,true,96,true,true,7,
8739620618565,18k White Gold Red Rubin Ring,18k-white-gold-red-rubin-ring,DRAFT,High Jewelry,Jewellery,RINGS; HIGH JEWELRY; JEWELRY,22000.00,22000.00,2,true,DENY,17,false,false,,false,false,false,false,false,false,true,186,true,true,7,
8739643326789,18k White Gold Rubin Ring,18k-white-gold-rubin-ring,DRAFT,High Jewelry,Jewellery,RINGS; HIGH JEWELRY; JEWELRY,19500.00,19500.00,2,true,DENY,17,false,false,,false,false,false,false,false,false,true,189,true,true,7,
8742737838405,18k White Gold Saphire Dream Ring,18k-white-gold-andsaphire-dream,DRAFT,High Jewelry,Jewellery,RINGS; HIGH JEWELRY; JEWELRY,23200.00,23200.00,2,true,DENY,17,false,false,,false,false,false,false,false,false,true,200,false,true,8,
8741990203717,18k White Gold Sphere Bracelet,18k-white-gold-sphere-bracelet,DRAFT,High Jewelry,Jewellery,BRACELETS; HIGH JEWELRY; JEWELRY,15450.00,15450.00,1,true,DENY,1,false,false,,false,false,false,false,false,false,true,74,true,true,5,
8706406875461,18k White Gold Tennis Earrings,18k-white-gold-tennis-earrings,DRAFT,Earring,Jewellery,EARRINGS; Featured products; JEWELRY,1990.00,1990.00,1,true,DENY,1,false,false,,false,false,false,false,false,false,true,86,true,true,5,
8741965070661,18k White Gold VVS Diamond Bracelet,18k-white-gold-vvs-diamond-bracelet,DRAFT,High Jewelry,Jewellery,BRACELETS; HIGH JEWELRY; JEWELRY,48300.00,48300.00,1,true,DENY,1,false,false,,false,false,false,false,false,false,true,75,true,true,5,
8708745003333,18k White Gold earring pendant,18k-white-gold-pendant-earring,DRAFT,High Jewelry,Jewellery,HIGH JEWELRY; JEWELRY,19980.00,19980.00,1,true,DENY,1,false,false,,false,false,false,false,false,false,true,95,true,true,3,
8742749864261,18k White Gold with Pink Diamond  Ring,18k-white-gold-and-rose-pink-ring,DRAFT,High Jewelry,Jewellery,RINGS; HIGH JEWELRY; JEWELRY,20100.00,20100.00,1,true,DENY,17,false,false,,false,false,false,false,false,false,true,177,true,true,6,
8683350950213,7 Diamonds Pendant Chain Bracelet,7-diamonds-pendant-chain-bracelet,DRAFT,Bracelet,Jewellery,BRACELETS; JEWELRY,1350.00,1350.00,1,true,CONTINUE,1,false,false,,false,false,false,false,true,true,true,843,false,true,5,
8682627989829,9 Diamond Pendants Chain Necklace,9-diamond-pendants-chain-necklace,DRAFT,Necklace,Jewellery,NECKLACES; JEWELRY,1880.00,1880.00,1,true,CONTINUE,1,false,false,,false,false,false,false,true,true,true,617,false,true,3,
14923699257669,Black Diamond Flora Necklace,blue-sapphire-flora-necklace-copy,DRAFT,High Jewelry,Jewellery,NECKLACES; HIGH JEWELRY; JEWELRY,10330.00,10330.00,1,true,DENY,1,false,false,,false,false,false,false,false,false,true,531,false,true,3,
8683358060869,Black Heart Necklace,black-heart-necklace,DRAFT,Necklace,Jewellery,NECKLACES; JEWELRY,1840.00,1840.00,1,true,CONTINUE,1,false,false,,false,false,false,false,true,true,true,922,false,true,3,
8709906104645,Blue Dream Sapphire Diamond Ring,blue-dream-sapphire-diamond-ring,DRAFT,High Jewelry,Jewellery,RINGS; Featured products; HIGH JEWELRY; JEWELRY,35270.00,35270.00,2,true,DENY,17,false,false,,false,false,false,false,false,false,true,178,true,true,7,
8709895389509,Blue Sapphire Diamond Ring,blue-sapphire-diamond-ring,DRAFT,High Jewelry,Jewellery,RINGS; Featured products; HIGH JEWELRY; JEWELRY,8350.00,8350.00,1,true,DENY,17,false,false,,false,false,false,false,false,false,true,177,true,true,8,
14922541957445,Blue Sapphire Flora Necklace,nebula-noir-necklace-copy,DRAFT,High Jewelry,Jewellery,NECKLACES; HIGH JEWELRY; JEWELRY,10330.00,10330.00,1,true,DENY,1,false,false,,false,false,false,false,false,false,true,531,false,true,4,
8709269979461,Classic 18k White Gold Blue Sapphire Ring,classic-18k-white-gold-blue-sapphire-ring,DRAFT,High Jewelry,Jewellery,RINGS; HIGH JEWELRY; JEWELRY,22200.00,22200.00,2,true,DENY,17,false,false,,false,false,false,false,false,false,true,206,false,true,6,
14845755228485,Diamond Cross Necklace,18k-white-gold-bow-necklace-copy,DRAFT,Necklace,Jewellery,NECKLACES; JEWELRY,9140.00,9140.00,1,true,CONTINUE,1,false,false,,false,false,false,false,true,true,true,636,false,true,2,
8682661183813,Diamond Gold Star Bracelet,diamond-cut-gold-star-bracelet,DRAFT,Bracelet,Jewellery,BRACELETS; JEWELRY,840.00,840.00,1,true,CONTINUE,1,false,false,,false,false,false,false,true,true,true,693,false,true,5,
8581070717253,Diamond Sideways Cross Bracelet,diamond-sideways-cross-bracelet,DRAFT,Bracelet,Jewellery,BRACELETS; JEWELRY,600.00,600.00,1,true,CONTINUE,1,false,false,,false,false,false,false,true,true,true,744,false,true,5,
8576994541893,Diamond Tennis Bracelet,diamond-tennis-bracelet,DRAFT,Tennis Bracelet,Jewellery,BRACELETS; JEWELRY,6390.00,65190.00,2,true,CONTINUE,5,false,false,,false,false,false,false,true,true,true,933,false,true,11,
8581361992005,Diamond-Cut Heart Earrings and Necklace Set,diamond-cut-heart-earrings-and-necklace-set,DRAFT,Set of Jewellery,Jewellery,SETS; JEWELRY,3500.00,3500.00,1,true,CONTINUE,1,false,false,,false,false,false,false,true,true,true,1436,false,true,5,
8581360681285,Diamond-Cut Lover Earrings and Necklace Set,diamond-cut-lover-earrings-and-necklace-set,DRAFT,Set of Jewellery,Jewellery,SETS; JEWELRY,3200.00,3200.00,1,true,CONTINUE,1,false,false,,false,false,false,false,true,true,true,816,false,true,5,
8580877418821,Diamonds Cut Heart Pendant Necklace,diamonds-cut-heart-pendant-necklace,DRAFT,Necklace,Jewellery,NECKLACES; JEWELRY,2150.00,2150.00,1,true,CONTINUE,1,false,false,,false,false,false,false,true,true,true,1218,false,true,4,
8741979128133,Double Rubin Snake Diamond Ring,double-rubin-snake-diamond-ring,DRAFT,Ring,Jewellery,RINGS; Featured products; JEWELRY,5800.00,5800.00,4,true,DENY,17,false,false,,false,false,false,false,false,false,true,169,true,true,7,
8738698592581,Emerald Butterfly Ring,emerald-butterfly-ring,DRAFT,Ring,Jewellery,RINGS; Featured products; JEWELRY,2340.00,2340.00,8,true,DENY,9,false,false,,false,false,false,false,false,false,true,188,true,true,3,
8709932581189,Emerald Ring,emerald-ring,DRAFT,High Jewelry,Jewellery,RINGS; HIGH JEWELRY; JEWELRY,45220.00,45220.00,1,true,DENY,17,false,false,,false,false,false,false,false,false,true,174,true,true,7,
8744521826629,Emerald and VVS Diamond Ring,emerald-and-vvs-diamond-ring,DRAFT,High Jewelry,Jewellery,RINGS; HIGH JEWELRY; JEWELRY,17900.00,17900.00,1,true,DENY,17,false,false,,false,false,false,false,false,false,true,210,false,true,8,
8578183594309,"Gold Bracelet with Diamonds ""Fiocco""",diamond-bow-gold-bracelet-with-magnetic-clasp,DRAFT,Bracelet,Jewellery,BRACELETS; Featured products; JEWELRY,2700.00,2700.00,1,true,DENY,1,false,false,,false,false,false,false,true,true,true,844,false,true,4,
8682390225221,Gold Heart Diamonds Bracelet,gold-heart-diamonds-bracelet,DRAFT,Bracelet,Jewellery,BRACELETS; JEWELRY,890.00,890.00,1,true,DENY,1,false,false,,false,false,false,false,true,true,true,1072,false,true,5,
14919256539461,Gold Pavé Ring,18k-white-gold-blue-sapphire-diamond-ring-copy,DRAFT,High Jewelry,Jewellery,RINGS; HIGH JEWELRY; JEWELRY,13480.00,13480.00,1,true,DENY,17,false,false,,false,false,false,false,false,false,true,404,false,true,7,
8578567143749,Gold Sphere Bracelet,gold-sphere-bracelet,DRAFT,Bracelet,Jewellery,BRACELETS; Featured products; JEWELRY,2900.00,2900.00,1,true,CONTINUE,1,false,false,,false,false,false,false,true,true,true,833,false,true,3,
8581079368005,Heart Cut Diamonds Stud Earrings,heart-cut-diamonds-stud-earrings,DRAFT,Earring,Jewellery,EARRINGS; JEWELRY,2250.00,2250.00,1,true,CONTINUE,1,false,false,,false,false,false,false,true,true,true,1013,false,true,5,
8681955164485,Heart-Shaped Trinity Ring,heart-shaped-trinity-ring,DRAFT,Ring,Jewellery,RINGS; JEWELRY,2650.00,2650.00,5,true,CONTINUE,9,false,false,,false,false,false,false,true,true,true,1469,false,true,3,
8579311960389,Love Diamonds Cut Stud Earrings,love-diamonds-cut-stud-earrings,DRAFT,Earring,Jewellery,EARRINGS; JEWELRY,1350.00,1350.00,1,true,CONTINUE,1,false,false,,false,false,false,false,true,true,true,991,false,true,4,
8681955983685,Love Diamonds Stud Earrings,love-diamonds-stud-earrings,DRAFT,Earring,Jewellery,EARRINGS; JEWELRY,3380.00,3380.00,1,true,CONTINUE,1,false,false,,false,false,false,false,true,true,true,1085,false,true,5,
8593511186757,Margherita Flower Earrings and Necklace Set,margherita-flower-earrings-and-necklace-set,DRAFT,Set of Jewellery,Jewellery,SETS; JEWELRY,1850.00,4700.00,2,true,CONTINUE,2,false,false,,false,false,false,false,true,true,true,1502,false,true,8,
8580065624389,Margherita Stud Earrings,margherita-stud-earrings,DRAFT,Earring,Jewellery,EARRINGS; JEWELRY,1250.00,3100.00,2,true,DENY,2,false,false,,false,false,false,false,true,true,true,825,false,true,7,
14920348074309,Nebula Necklace,black-diamond-necklace-copy,DRAFT,High Jewelry,Jewellery,NECKLACES; HIGH JEWELRY; JEWELRY,27630.00,27630.00,1,true,DENY,1,false,false,,false,false,false,false,false,false,true,730,false,true,2,
14919945912645,Nebula Noir Necklace,18k-white-gold-rain-drop-necklace-copy,DRAFT,High Jewelry,Jewellery,NECKLACES; HIGH JEWELRY; JEWELRY,13200.00,13200.00,1,true,DENY,1,false,false,,false,false,false,false,false,false,true,609,false,true,4,
14919591199045,Pavé Ring,gold-pave-ring-copy,DRAFT,High Jewelry,Jewellery,RINGS; HIGH JEWELRY; JEWELRY,15700.00,15700.00,1,true,DENY,17,false,false,,false,false,false,false,false,false,true,413,false,true,3,
8573946396997,Rainbow Tennis Bracelet,rainbow-tennis-bracelet,DRAFT,Tennis Bracelet,Jewellery,BRACELETS; Featured products; JEWELRY,3250.00,3990.00,2,true,CONTINUE,2,false,false,,false,false,false,false,true,true,true,556,false,true,5,
8739618259269,Red Rubin Butterfly Necklace,red-rubin-butterfly-necklace,DRAFT,Necklace,Jewellery,NECKLACES; JEWELRY,2090.00,2090.00,1,true,DENY,1,false,false,,false,false,false,false,false,false,true,103,true,true,5,
8709912428869,Red Rubin Diamond Earrings,red-rubin-diamond-earring,DRAFT,High Jewelry,Jewellery,EARRINGS; HIGH JEWELRY; JEWELRY,23990.00,23990.00,1,true,DENY,1,false,false,,false,false,false,false,false,false,true,99,true,true,6,
8580102422853,Round Black Diamond Love Necklace,round-black-diamond-love-necklace,DRAFT,Necklace,Jewellery,NECKLACES; Featured products; JEWELRY,1350.00,1350.00,1,true,DENY,1,false,false,,false,false,false,false,true,true,true,690,false,true,4,
8738516697413,Rubin Butterfly Ring,vss-butterfly-ring,DRAFT,Ring,Jewellery,RINGS; Featured products; JEWELRY,2160.00,2160.00,6,true,DENY,9,false,false,,false,false,false,false,false,false,true,186,true,true,7,
8742760153413,Rubin Dream Ring,rubin-dream-ring,DRAFT,High Jewelry,Jewellery,RINGS; HIGH JEWELRY; JEWELRY,210000.00,210000.00,1,true,DENY,16,false,false,,false,false,false,false,false,false,true,184,true,true,8,
8739694510405,Rubin Snake Diamond Ring,rubin-snake-diamond-ring,DRAFT,High Jewelry,Jewellery,RINGS; HIGH JEWELRY; JEWELRY,21400.00,21400.00,1,true,DENY,17,false,false,,false,false,false,false,false,false,true,170,true,true,5,
8580711481669,Shades Set,shades-bracelet-and-necklace-set,DRAFT,Set of Jewellery,Jewellery,SETS,3150.00,3150.00,1,true,CONTINUE,1,false,false,,false,false,false,false,true,true,true,1184,false,true,5,
8739704570181,Triangular Diamond and Rubin Ring,triangular-diamond-and-rubin-ring,DRAFT,High Jewelry,Jewellery,RINGS; HIGH JEWELRY; JEWELRY,40900.00,40900.00,1,true,DENY,17,false,false,,false,false,false,false,false,false,true,211,false,true,7,
8715148067141,Urus,vvs-urus-bracelet,DRAFT,High Jewelry,Jewellery,HIGH JEWELRY; JEWELRY,287000.00,287000.00,1,true,DENY,1,false,false,,false,false,false,false,false,false,true,74,true,true,6,
8738722873669,VVS Butterfly Ring,vvs-butterfly-ring,DRAFT,Ring,Jewellery,RINGS; JEWELRY,2390.00,2390.00,8,true,DENY,9,false,false,,false,false,false,false,false,false,true,172,true,true,6,
8739659645253,VVS Diamonds and Saphire Ring,vvs-diamonds-and-saphire-ring,DRAFT,High Jewelry,Jewellery,RINGS; HIGH JEWELRY; JEWELRY,28960.00,28960.00,2,true,DENY,17,false,false,,false,false,false,false,false,false,true,172,true,true,8,
8581073305925,White Gold Heart Pendant Necklace,white-gold-heart-pendant-necklace,DRAFT,Necklace,Jewellery,NECKLACES; JEWELRY,1700.00,1700.00,1,true,CONTINUE,1,false,false,,false,false,false,false,true,true,true,1068,false,true,4,
14917898600773,White Gold Pavé Ring,18k-gold-vvs-diamonds-black-diamonds-flower-ring-copy,DRAFT,High Jewelry,Jewellery,RINGS; HIGH JEWELRY; JEWELRY,13780.00,13780.00,1,true,DENY,1,false,false,,false,false,false,false,false,false,true,826,false,true,5,
8580748312901,Women's Shades Bracelet,womens-shades-bracelet,DRAFT,Bracelet,Jewellery,BRACELETS; JEWELRY,1250.00,1250.00,1,true,CONTINUE,1,false,false,,false,false,false,false,true,true,true,864,false,true,4,
8580743627077,Women's Shades Necklace,womens-shades-necklace,DRAFT,Necklace,Jewellery,NECKLACES; JEWELRY,2200.00,2200.00,1,true,CONTINUE,1,false,false,,false,false,false,false,true,true,true,633,false,true,4,
8768696779077,Jewelry & Watch Box in Alligator,alligator-jewlery-box,DRAFT,Watchbox,Jewellery boxes,Trunks,6950.00,6950.00,1,true,DENY,1,false,false,,false,false,false,false,false,false,true,637,false,true,3,
8768685572421,Alligator Cigar Humidor,alligator-cigar-humidor,DRAFT,Leather Boxes,Other,Products; Cigar Humidor,9150.00,9150.00,1,true,DENY,1,false,false,,false,false,false,false,false,false,true,794,false,true,2,
8740711727429,Black Velvet Tray,black-velvet-tray,DRAFT,,Other,,120.00,120.00,1,true,DENY,1,false,false,,false,false,false,false,false,false,true,191,true,true,2,
16061299982661,Chesterfield Sofa,italian-leather-chesterfield-sofa-turquoise,DRAFT,,Other,Home Accessories,0.00,0.00,0,true,DENY,1,true,false,,false,false,true,false,true,true,true,1015,false,true,3,
8770778235205,Crocodile Belt,crocodile-belt,DRAFT,,Other,Products,670.00,670.00,3,true,DENY,3,false,false,,false,false,false,false,false,false,true,588,false,true,6,
8739654369605,Rubin Flower Necklace,rubin-flower-necklace,DRAFT,,Other,NECKLACES; JEWELRY,0.00,0.00,0,true,DENY,1,true,false,,false,false,false,false,false,false,true,78,true,true,7,
8772075159877,Black Alligator Wallet,black-alligator-wallet,DRAFT,Wallet,Wallets,Products; Small Leather Goods,765.00,765.00,1,true,DENY,1,false,false,,false,false,false,false,false,false,true,569,false,true,9,
8768704414021,Black Crocodile Wallet,black-crocodile-wallet,DRAFT,Wallet,Wallets,Products; Small Leather Goods,900.00,900.00,1,true,DENY,1,false,false,,false,false,false,false,false,false,true,658,false,true,3,
8768707330373,Blue Crocodile Wallet,blue-crocodile-wallet,DRAFT,Wallet,Wallets,Products; Small Leather Goods,900.00,900.00,1,true,DENY,1,false,false,,false,false,false,false,false,false,true,657,false,true,3,
8769067057477,Brown and Blue Crocodile Cardholder,copy-of-blue-crocodile-wallet,DRAFT,Wallet,Wallets,Products,789.00,789.00,1,true,DENY,1,false,false,,false,false,false,false,false,false,true,596,false,true,2,
9198917222725,Crocodile Wallet,crocodile-wallet-blue-shiny,DRAFT,Wallet,Wallets,Products; Small Leather Goods,1216.00,1216.00,1,true,DENY,1,false,false,,false,false,false,false,false,false,true,586,false,true,7,
8685236027717,Leather Watch Roll,red-leather-watch-roll,DRAFT,Watchroll,Watch boxes,Travel,199.00,199.00,0,true,DENY,1,true,false,,false,false,false,false,true,true,true,752,false,true,8,
9191597048133,Travel Watchbox,leather-watchbox,DRAFT,Watchbox,Watch boxes,Featured products; Trunks; Products; Travel,189.00,189.00,0,true,DENY,1,true,false,,false,false,false,false,true,true,true,317,false,true,3,
